id,title,text,cleaned_text
1,AI in Healthcare,Artificial intelligence is transforming healthcare by providing better diagnostics and treatment.,artificial intelligence transforming healthcare providing better diagnostics treatment
2,Blockchain for Security,Blockchain technology enhances security by decentralizing data.,blockchain technology enhances security decentralizing data
3,Quantum Computing,Quantum computers solve complex problems faster than classical computers.,quantum computers solve complex problems faster classical computers
4,Deep Learning Advances,Deep learning is improving image and speech recognition systems.,deep learning improving image speech recognition systems
5,Natural Language Processing,NLP enables machines to understand and generate human language effectively.,nlp enables machines understand generate human language effectively
6,AI in Finance,AI-driven algorithms improve fraud detection and automate trading strategies.,algorithms improve fraud detection automate trading strategies
7,Machine Learning in Cybersecurity,ML algorithms detect and prevent cyber threats in real-time.,ml algorithms detect prevent cyber threats
8,Autonomous Vehicles,Self-driving cars use AI to navigate and avoid obstacles safely.,cars use ai navigate avoid obstacles safely
9,AI for Drug Discovery,AI accelerates drug development by predicting molecular interactions.,ai accelerates drug development predicting molecular interactions
10,Reinforcement Learning Applications,Reinforcement learning optimizes robotic control and game playing.,reinforcement learning optimizes robotic control game playing
11,Facial Recognition Technology,AI-based facial recognition enhances security and authentication.,facial recognition enhances security authentication
12,AI in Education,Intelligent tutoring systems personalize learning experiences for students.,intelligent tutoring systems personalize learning experiences students
13,Robotics and AI,AI-powered robots assist in industrial automation and healthcare services.,robots assist industrial automation healthcare services
14,AI in Agriculture,Machine learning improves crop yield predictions and automates farming.,machine learning improves crop yield predictions automates farming
15,AI for Climate Change,AI models predict weather patterns and support sustainable solutions.,ai models predict weather patterns support sustainable solutions
16,5G and Edge Computing,The rise of 5G enables faster data transmission and real-time analytics at the edge.,rise 5g enables faster data transmission analytics edge
17,Cybersecurity Threats in IoT,IoT devices face increasing security vulnerabilities due to network exposure.,iot devices face increasing security vulnerabilities due network exposure
18,DNA Sequencing and Genomics,Advancements in DNA sequencing are revolutionizing personalized medicine.,advancements dna sequencing revolutionizing personalized medicine
19,Renewable Energy Technologies,"Solar, wind, and hydro energy solutions are reducing global carbon footprints.",solar wind hydro energy solutions reducing global carbon footprints
20,CRISPR and Genetic Engineering,CRISPR technology enables precise gene editing for disease treatment.,crispr technology enables precise gene editing disease treatment
21,Space Exploration and Mars Colonization,NASA and private companies are developing technologies for Mars colonization.,nasa private companies developing technologies mars colonization
22,Internet of Things in Smart Homes,"IoT devices enhance automation, energy efficiency, and security in smart homes.",iot devices enhance automation energy efficiency security smart homes
23,Sustainable Urban Development,Smart cities integrate AI and IoT to improve transportation and waste management.,smart cities integrate ai iot improve transportation waste management
24,Neuroscience and Brain-Computer Interfaces,BCI technologies allow direct communication between the brain and machines.,bci technologies allow direct communication brain machines
25,Climate Change and Global Warming,Scientific research indicates rising temperatures and sea levels due to human activities.,scientific research indicates rising temperatures sea levels due human activities
26,Biodegradable Plastics,Eco-friendly alternatives to plastic are being developed to combat pollution.,alternatives plastic developed combat pollution
27,Advancements in Quantum Cryptography,Quantum cryptography offers unbreakable encryption for secure communications.,quantum cryptography offers unbreakable encryption secure communications
28,Drones in Disaster Response,AI-powered drones assist in search and rescue missions after natural disasters.,drones assist search rescue missions natural disasters
29,Human Augmentation Technologies,Exoskeletons and brain implants are enhancing human capabilities.,exoskeletons brain implants enhancing human capabilities
30,Social Media and Mental Health,Research explores the impact of social media on psychological well-being.,research explores impact social media psychological
